{"cameraMode":{"drawMode":0,"name":"Shaded","section":"Shading Mode"},"sceneLighting":true,"audioPlay":false,"sceneViewState":{"m_AlwaysRefresh":false,"showFog":true,"showSkybox":true,"showFlares":true,"showImageEffects":true,"showParticleSystems":true,"showVisualEffectGraphs":true,"m_FxEnabled":true},"in2DMode":false,"pivot":{"x":-0.9513893723487854,"y":6.54722785949707,"z":84.28160858154297},"rotation":{"x":0.049641359597444537,"y":0.07719208300113678,"z":-0.003921746741980314,"w":0.9958720207214356},"size":3.358304262161255,"orthographic":false}