{"cameraMode":{"drawMode":0,"name":"Shaded","section":"Shading Mode"},"sceneLighting":true,"audioPlay":false,"sceneViewState":{"m_AlwaysRefresh":false,"showFog":true,"showSkybox":true,"showFlares":true,"showImageEffects":true,"showParticleSystems":true,"showVisualEffectGraphs":true,"m_FxEnabled":true},"in2DMode":false,"pivot":{"x":-3.105177164077759,"y":6.736093997955322,"z":-126.6058578491211},"rotation":{"x":0.0468011312186718,"y":-0.020770099014043809,"z":0.0005402822862379253,"w":0.9988412261009216},"size":2.494724750518799,"orthographic":false}