{"cameraMode":{"drawMode":0,"name":"Shaded","section":"Shading Mode"},"sceneLighting":true,"audioPlay":false,"sceneViewState":{"m_AlwaysRefresh":false,"showFog":true,"showSkybox":true,"showFlares":true,"showImageEffects":true,"showParticleSystems":true,"showVisualEffectGraphs":true,"m_FxEnabled":true},"in2DMode":false,"pivot":{"x":-3.0716662406921388,"y":5.220990180969238,"z":-128.053466796875},"rotation":{"x":-0.08271833509206772,"y":-0.015741949900984765,"z":0.0015942852478474379,"w":-0.9966253638267517},"size":0.41014203429222109,"orthographic":false}